name,type
Amaryllis,flower
Arcelia,flower
Azalea,flower
Begonia,flower
Blossom,flower
Bluebell,flower
Camelia,flower
Chrysanthemum,flower
Daffodil,flower
Dahlia,flower
Daisy,flower
Fiorella,flower
Fleur,flower
Flora,flower
Forsythia,flower
Fuchsia,flower
Gardenia,flower
Heather,flower
Holly,flower
Hyacinth,flower
Iris,flower
Ivy,flower
Jasmine,flower
Lavendar,flower
Lilac,flower
Lily,flower
Lotus,flower
Magnolia,flower
Marigold,flower
Myrtle,flower
Narcissa,flower
Oleander,flower
Orchid,flower
Pansy,flower
Phlox,flower
Poppy,flower
Rose,flower
Sunflower,flower
Verbena,flower
Violet,flower
Anouk,screen
Audrey,screen
Ava,screen
Bette,screen
Brigitte,screen
Elizabeth,screen
Ginger,screen
Grace,screen
Greta,screen
Hedy,screen
Ingrid,screen
Katherine,screen
Lana,screen
Lauren,screen
Marilyn,screen
Marlene,screen
Rita,screen
Sophia,screen
Veronica,screen
Adelaide,broadway
Annie,broadway
Bianca,broadway
Cassie,broadway
Charity,broadway
Cosette,broadway
Dolly,broadway
Dulcinea,broadway
Eliza,broadway
Eponine,broadway
Evita,broadway
Fanny,broadway
Fantine,broadway
Fiorello,broadway
Gigi,broadway
Grizabella,broadway
Gypsy,broadway
Jean,broadway
Kate,broadway
Lili,broadway
Lola,broadway
Lovett,broadway
Mame,broadway
Maria,broadway
Nathan,broadway
Nellie,broadway
Oliver,broadway
Pippin,broadway
Reno,broadway
Rose,broadway
Rosemary,broadway
Roxie,broadway
Sally,broadway
Sky,broadway
Sweeney,broadway
Tracy,broadway
Velma,broadway
